n,mean,median
2,0.9581877663937673,0.9585824365617112
3,0.9634553968550466,0.9633818254284575
4,0.9695068578010942,0.9692772685000665
5,0.9697891704910977,0.9701252117307118
6,0.9690584738653139,0.9689627686073932